﻿{"frames": [

{
	"filename": "Symbol 15 copy 6 instance 10000",
	"frame": {"x":0,"y":0,"w":102,"h":36},
	"rotated": false,
	"trimmed": false,
	"spriteSourceSize": {"x":0,"y":0,"w":102,"h":36},
	"sourceSize": {"w":102,"h":36}
}
,{
	"filename": "Symbol 15 copy 6 instance 10001",
	"frame": {"x":0,"y":36,"w":102,"h":36},
	"rotated": false,
	"trimmed": false,
	"spriteSourceSize": {"x":0,"y":0,"w":102,"h":36},
	"sourceSize": {"w":102,"h":36}
}
,{
	"filename": "Symbol 15 copy 6 instance 10002",
	"frame": {"x":0,"y":72,"w":102,"h":36},
	"rotated": false,
	"trimmed": false,
	"spriteSourceSize": {"x":0,"y":0,"w":102,"h":36},
	"sourceSize": {"w":102,"h":36}
}
,{
	"filename": "Symbol 15 copy 6 instance 10003",
	"frame": {"x":0,"y":108,"w":102,"h":36},
	"rotated": false,
	"trimmed": false,
	"spriteSourceSize": {"x":0,"y":0,"w":102,"h":36},
	"sourceSize": {"w":102,"h":36}
}
,{
	"filename": "Symbol 15 copy 6 instance 10004",
	"frame": {"x":0,"y":144,"w":102,"h":36},
	"rotated": false,
	"trimmed": false,
	"spriteSourceSize": {"x":0,"y":0,"w":102,"h":36},
	"sourceSize": {"w":102,"h":36}
}],
"meta": {
	"app": "Adobe Animate",
	"version": "18.0.0.107",
	"image": "3.png",
	"format": "RGBA8888",
	"size": {"w":128,"h":256},
	"scale": "1"
}
}
